Country,Country code,State,State code,State type,Date,Category,Subcategory,Variable,Unit,Value,Year,Month,,,,,,,,,
India,IND,India Total,IN,total,01/01/2019,Electricity generation,Fuel,Bioenergy,GWh,2582,2019,1,,Year,Solar,Wind,Coal,Gas,Hydro,Bioenergy,Nuclear
India,IND,India Total,IN,total,01/01/2019,Electricity generation,Fuel,Coal,GWh,86375.09,2019,1,,2019,3.36%,4.59%,72.46%,3.48%,11.73%,1.07%,3.28%
India,IND,India Total,IN,total,01/01/2019,Electricity generation,Fuel,Gas,GWh,3971.55,2019,1,,2020,4.37%,4.50%,70.57%,3.89%,12.17%,1.08%,3.32%
India,IND,India Total,IN,total,01/01/2019,Electricity generation,Fuel,Hydro,GWh,7790.99,2019,1,,2021,4.65%,4.63%,72.98%,2.68%,10.88%,1.04%,2.99%
India,IND,India Total,IN,total,01/01/2019,Electricity generation,Fuel,Nuclear,GWh,3120.11,2019,1,,2022,5.97%,4.39%,73.03%,1.58%,10.94%,1.03%,2.90%
India,IND,India Total,IN,total,01/01/2019,Electricity generation,Fuel,Other Fossil,GWh,6.88,2019,1,,2023,7.29%,3.58%,76.45%,1.56%,6.89%,1.29%,2.75%
India,IND,India Total,IN,total,01/01/2019,Electricity generation,Fuel,Other Renewables,GWh,35.11,2019,1,,,,,,,,,
India,IND,India Total,IN,total,01/01/2019,Electricity generation,Fuel,Solar,GWh,3534.81,2019,1,,,,,,,,,
India,IND,India Total,IN,total,01/01/2019,Electricity generation,Fuel,Wind,GWh,2851.89,2019,1,,,,,,,,,
India,IND,India Total,IN,total,01/02/2019,Electricity generation,Fuel,Bioenergy,GWh,2186.5,2019,2,,,,,,,,,
India,IND,India Total,IN,total,01/02/2019,Electricity generation,Fuel,Coal,GWh,78298.38,2019,2,,,,,,,,,
India,IND,India Total,IN,total,01/02/2019,Electricity generation,Fuel,Gas,GWh,3194.95,2019,2,,,,,,,,,
India,IND,India Total,IN,total,01/02/2019,Electricity generation,Fuel,Hydro,GWh,7506.94,2019,2,,,,,,,,,
India,IND,India Total,IN,total,01/02/2019,Electricity generation,Fuel,Nuclear,GWh,2878.99,2019,2,,,,,,,,,
India,IND,India Total,IN,total,01/02/2019,Electricity generation,Fuel,Other Fossil,GWh,7.09,2019,2,,,,,,,,,
India,IND,India Total,IN,total,01/02/2019,Electricity generation,Fuel,Other Renewables,GWh,40.87,2019,2,,,,,,,,,
India,IND,India Total,IN,total,01/02/2019,Electricity generation,Fuel,Solar,GWh,3630.46,2019,2,,,,,,,,,
India,IND,India Total,IN,total,01/02/2019,Electricity generation,Fuel,Wind,GWh,3094.47,2019,2,,,,,,,,,
India,IND,India Total,IN,total,01/03/2019,Electricity generation,Fuel,Bioenergy,GWh,2070.17,2019,3,,,,,,,,,
India,IND,India Total,IN,total,01/03/2019,Electricity generation,Fuel,Coal,GWh,91481.45,2019,3,,,,,,,,,
India,IND,India Total,IN,total,01/03/2019,Electricity generation,Fuel,Gas,GWh,3732.91,2019,3,,,,,,,,,
India,IND,India Total,IN,total,01/03/2019,Electricity generation,Fuel,Hydro,GWh,9156.48,2019,3,,,,,,,,,
India,IND,India Total,IN,total,01/03/2019,Electricity generation,Fuel,Nuclear,GWh,3355.95,2019,3,,,,,,,,,
India,IND,India Total,IN,total,01/03/2019,Electricity generation,Fuel,Other Fossil,GWh,9.62,2019,3,,,,,,,,,
India,IND,India Total,IN,total,01/03/2019,Electricity generation,Fuel,Other Renewables,GWh,30.7,2019,3,,,,,,,,,
India,IND,India Total,IN,total,01/03/2019,Electricity generation,Fuel,Solar,GWh,4307.99,2019,3,,,,,,,,,
India,IND,India Total,IN,total,01/03/2019,Electricity generation,Fuel,Wind,GWh,2965.95,2019,3,,,,,,,,,
India,IND,India Total,IN,total,01/04/2019,Electricity generation,Fuel,Bioenergy,GWh,1436.3,2019,4,,,,,,,,,
India,IND,India Total,IN,total,01/04/2019,Electricity generation,Fuel,Coal,GWh,90446.02,2019,4,,,,,,,,,
India,IND,India Total,IN,total,01/04/2019,Electricity generation,Fuel,Gas,GWh,4206.71,2019,4,,,,,,,,,
India,IND,India Total,IN,total,01/04/2019,Electricity generation,Fuel,Hydro,GWh,11587.73,2019,4,,,,,,,,,
India,IND,India Total,IN,total,01/04/2019,Electricity generation,Fuel,Nuclear,GWh,3287.32,2019,4,,,,,,,,,
India,IND,India Total,IN,total,01/04/2019,Electricity generation,Fuel,Other Fossil,GWh,14.11,2019,4,,,,,,,,,
India,IND,India Total,IN,total,01/04/2019,Electricity generation,Fuel,Other Renewables,GWh,38.77,2019,4,,,,,,,,,
India,IND,India Total,IN,total,01/04/2019,Electricity generation,Fuel,Solar,GWh,4181.22,2019,4,,,,,,,,,
India,IND,India Total,IN,total,01/04/2019,Electricity generation,Fuel,Wind,GWh,3707.29,2019,4,,,,,,,,,
India,IND,India Total,IN,total,01/05/2019,Electricity generation,Fuel,Bioenergy,GWh,861.81,2019,5,,,,,,,,,
India,IND,India Total,IN,total,01/05/2019,Electricity generation,Fuel,Coal,GWh,94375.57,2019,5,,,,,,,,,
India,IND,India Total,IN,total,01/05/2019,Electricity generation,Fuel,Gas,GWh,4451.92,2019,5,,,,,,,,,
India,IND,India Total,IN,total,01/05/2019,Electricity generation,Fuel,Hydro,GWh,14670.01,2019,5,,,,,,,,,
India,IND,India Total,IN,total,01/05/2019,Electricity generation,Fuel,Nuclear,GWh,3782.3,2019,5,,,,,,,,,
India,IND,India Total,IN,total,01/05/2019,Electricity generation,Fuel,Other Fossil,GWh,14.72,2019,5,,,,,,,,,
India,IND,India Total,IN,total,01/05/2019,Electricity generation,Fuel,Other Renewables,GWh,29.37,2019,5,,,,,,,,,
India,IND,India Total,IN,total,01/05/2019,Electricity generation,Fuel,Solar,GWh,4342.58,2019,5,,,,,,,,,
India,IND,India Total,IN,total,01/05/2019,Electricity generation,Fuel,Wind,GWh,6603.94,2019,5,,,,,,,,,
India,IND,India Total,IN,total,01/06/2019,Electricity generation,Fuel,Bioenergy,GWh,516.04,2019,6,,,,,,,,,
India,IND,India Total,IN,total,01/06/2019,Electricity generation,Fuel,Coal,GWh,89885.26,2019,6,,,,,,,,,
India,IND,India Total,IN,total,01/06/2019,Electricity generation,Fuel,Gas,GWh,4328.38,2019,6,,,,,,,,,
India,IND,India Total,IN,total,01/06/2019,Electricity generation,Fuel,Hydro,GWh,15006.73,2019,6,,,,,,,,,
India,IND,India Total,IN,total,01/06/2019,Electricity generation,Fuel,Nuclear,GWh,4052.02,2019,6,,,,,,,,,
India,IND,India Total,IN,total,01/06/2019,Electricity generation,Fuel,Other Fossil,GWh,7.1,2019,6,,,,,,,,,
India,IND,India Total,IN,total,01/06/2019,Electricity generation,Fuel,Other Renewables,GWh,38.23,2019,6,,,,,,,,,
India,IND,India Total,IN,total,01/06/2019,Electricity generation,Fuel,Solar,GWh,3931.59,2019,6,,,,,,,,,
India,IND,India Total,IN,total,01/06/2019,Electricity generation,Fuel,Wind,GWh,8781.15,2019,6,,,,,,,,,
India,IND,India Total,IN,total,01/07/2019,Electricity generation,Fuel,Bioenergy,GWh,506.57,2019,7,,,,,,,,,
India,IND,India Total,IN,total,01/07/2019,Electricity generation,Fuel,Coal,GWh,83204.33,2019,7,,,,,,,,,
India,IND,India Total,IN,total,01/07/2019,Electricity generation,Fuel,Gas,GWh,4159.71,2019,7,,,,,,,,,
India,IND,India Total,IN,total,01/07/2019,Electricity generation,Fuel,Hydro,GWh,16636.12,2019,7,,,,,,,,,
India,IND,India Total,IN,total,01/07/2019,Electricity generation,Fuel,Nuclear,GWh,4382.27,2019,7,,,,,,,,,
India,IND,India Total,IN,total,01/07/2019,Electricity generation,Fuel,Other Fossil,GWh,7.89,2019,7,,,,,,,,,
India,IND,India Total,IN,total,01/07/2019,Electricity generation,Fuel,Other Renewables,GWh,29.03,2019,7,,,,,,,,,
India,IND,India Total,IN,total,01/07/2019,Electricity generation,Fuel,Solar,GWh,3438.82,2019,7,,,,,,,,,
India,IND,India Total,IN,total,01/07/2019,Electricity generation,Fuel,Wind,GWh,11343.6,2019,7,,,,,,,,,
India,IND,India Total,IN,total,01/08/2019,Electricity generation,Fuel,Bioenergy,GWh,485.42,2019,8,,,,,,,,,
India,IND,India Total,IN,total,01/08/2019,Electricity generation,Fuel,Coal,GWh,76827.46,2019,8,,,,,,,,,
India,IND,India Total,IN,total,01/08/2019,Electricity generation,Fuel,Gas,GWh,3947.63,2019,8,,,,,,,,,
India,IND,India Total,IN,total,01/08/2019,Electricity generation,Fuel,Hydro,GWh,21048.86,2019,8,,,,,,,,,
India,IND,India Total,IN,total,01/08/2019,Electricity generation,Fuel,Nuclear,GWh,4302.32,2019,8,,,,,,,,,
India,IND,India Total,IN,total,01/08/2019,Electricity generation,Fuel,Other Fossil,GWh,7.04,2019,8,,,,,,,,,
India,IND,India Total,IN,total,01/08/2019,Electricity generation,Fuel,Other Renewables,GWh,25.09,2019,8,,,,,,,,,
India,IND,India Total,IN,total,01/08/2019,Electricity generation,Fuel,Solar,GWh,3587.46,2019,8,,,,,,,,,
India,IND,India Total,IN,total,01/08/2019,Electricity generation,Fuel,Wind,GWh,9704.01,2019,8,,,,,,,,,
India,IND,India Total,IN,total,01/09/2019,Electricity generation,Fuel,Bioenergy,GWh,436.39,2019,9,,,,,,,,,
India,IND,India Total,IN,total,01/09/2019,Electricity generation,Fuel,Coal,GWh,74596.24,2019,9,,,,,,,,,
India,IND,India Total,IN,total,01/09/2019,Electricity generation,Fuel,Gas,GWh,4377.15,2019,9,,,,,,,,,
India,IND,India Total,IN,total,01/09/2019,Electricity generation,Fuel,Hydro,GWh,22081.09,2019,9,,,,,,,,,
India,IND,India Total,IN,total,01/09/2019,Electricity generation,Fuel,Nuclear,GWh,4220.23,2019,9,,,,,,,,,
India,IND,India Total,IN,total,01/09/2019,Electricity generation,Fuel,Other Fossil,GWh,6.86,2019,9,,,,,,,,,
India,IND,India Total,IN,total,01/09/2019,Electricity generation,Fuel,Other Renewables,GWh,26.83,2019,9,,,,,,,,,
India,IND,India Total,IN,total,01/09/2019,Electricity generation,Fuel,Solar,GWh,3565.13,2019,9,,,,,,,,,
India,IND,India Total,IN,total,01/09/2019,Electricity generation,Fuel,Wind,GWh,5477.94,2019,9,,,,,,,,,
India,IND,India Total,IN,total,01/10/2019,Electricity generation,Fuel,Bioenergy,GWh,498.93,2019,10,,,,,,,,,
India,IND,India Total,IN,total,01/10/2019,Electricity generation,Fuel,Coal,GWh,74857.26,2019,10,,,,,,,,,
India,IND,India Total,IN,total,01/10/2019,Electricity generation,Fuel,Gas,GWh,4250.39,2019,10,,,,,,,,,
India,IND,India Total,IN,total,01/10/2019,Electricity generation,Fuel,Hydro,GWh,15746.26,2019,10,,,,,,,,,
India,IND,India Total,IN,total,01/10/2019,Electricity generation,Fuel,Nuclear,GWh,4312.43,2019,10,,,,,,,,,
India,IND,India Total,IN,total,01/10/2019,Electricity generation,Fuel,Other Fossil,GWh,7.29,2019,10,,,,,,,,,
India,IND,India Total,IN,total,01/10/2019,Electricity generation,Fuel,Other Renewables,GWh,31.79,2019,10,,,,,,,,,
India,IND,India Total,IN,total,01/10/2019,Electricity generation,Fuel,Solar,GWh,3882.41,2019,10,,,,,,,,,
India,IND,India Total,IN,total,01/10/2019,Electricity generation,Fuel,Wind,GWh,2111.48,2019,10,,,,,,,,,
India,IND,India Total,IN,total,01/11/2019,Electricity generation,Fuel,Bioenergy,GWh,1070.36,2019,11,,,,,,,,,
India,IND,India Total,IN,total,01/11/2019,Electricity generation,Fuel,Coal,GWh,75718.4,2019,11,,,,,,,,,
India,IND,India Total,IN,total,01/11/2019,Electricity generation,Fuel,Gas,GWh,3807.33,2019,11,,,,,,,,,
India,IND,India Total,IN,total,01/11/2019,Electricity generation,Fuel,Hydro,GWh,10856.35,2019,11,,,,,,,,,
India,IND,India Total,IN,total,01/11/2019,Electricity generation,Fuel,Nuclear,GWh,3792.35,2019,11,,,,,,,,,
India,IND,India Total,IN,total,01/11/2019,Electricity generation,Fuel,Other Fossil,GWh,7.28,2019,11,,,,,,,,,
India,IND,India Total,IN,total,01/11/2019,Electricity generation,Fuel,Other Renewables,GWh,27.57,2019,11,,,,,,,,,
India,IND,India Total,IN,total,01/11/2019,Electricity generation,Fuel,Solar,GWh,3936.81,2019,11,,,,,,,,,
India,IND,India Total,IN,total,01/11/2019,Electricity generation,Fuel,Wind,GWh,2723.82,2019,11,,,,,,,,,
India,IND,India Total,IN,total,01/12/2019,Electricity generation,Fuel,Bioenergy,GWh,2096.27,2019,12,,,,,,,,,
India,IND,India Total,IN,total,01/12/2019,Electricity generation,Fuel,Coal,GWh,82769.77,2019,12,,,,,,,,,
India,IND,India Total,IN,total,01/12/2019,Electricity generation,Fuel,Gas,GWh,3551.76,2019,12,,,,,,,,,
India,IND,India Total,IN,total,01/12/2019,Electricity generation,Fuel,Hydro,GWh,9628.58,2019,12,,,,,,,,,
India,IND,India Total,IN,total,01/12/2019,Electricity generation,Fuel,Nuclear,GWh,3676.59,2019,12,,,,,,,,,
India,IND,India Total,IN,total,01/12/2019,Electricity generation,Fuel,Other Fossil,GWh,7.62,2019,12,,,,,,,,,
India,IND,India Total,IN,total,01/12/2019,Electricity generation,Fuel,Other Renewables,GWh,29.61,2019,12,,,,,,,,,
India,IND,India Total,IN,total,01/12/2019,Electricity generation,Fuel,Solar,GWh,3928.39,2019,12,,,,,,,,,
India,IND,India Total,IN,total,01/12/2019,Electricity generation,Fuel,Wind,GWh,3948.74,2019,12,,,,,,,,,
India,IND,India Total,IN,total,01/01/2020,Electricity generation,Fuel,Bioenergy,GWh,2180.13,2020,1,,,,,,,,,
India,IND,India Total,IN,total,01/01/2020,Electricity generation,Fuel,Coal,GWh,87403.67,2020,1,,,,,,,,,
India,IND,India Total,IN,total,01/01/2020,Electricity generation,Fuel,Gas,GWh,3392.71,2020,1,,,,,,,,,
India,IND,India Total,IN,total,01/01/2020,Electricity generation,Fuel,Hydro,GWh,9227.23,2020,1,,,,,,,,,
India,IND,India Total,IN,total,01/01/2020,Electricity generation,Fuel,Nuclear,GWh,3437.39,2020,1,,,,,,,,,
India,IND,India Total,IN,total,01/01/2020,Electricity generation,Fuel,Other Fossil,GWh,6.72,2020,1,,,,,,,,,
India,IND,India Total,IN,total,01/01/2020,Electricity generation,Fuel,Other Renewables,GWh,23.95,2020,1,,,,,,,,,
India,IND,India Total,IN,total,01/01/2020,Electricity generation,Fuel,Solar,GWh,4612.73,2020,1,,,,,,,,,
India,IND,India Total,IN,total,01/01/2020,Electricity generation,Fuel,Wind,GWh,3319.95,2020,1,,,,,,,,,
India,IND,India Total,IN,total,01/02/2020,Electricity generation,Fuel,Bioenergy,GWh,2215.67,2020,2,,,,,,,,,
India,IND,India Total,IN,total,01/02/2020,Electricity generation,Fuel,Coal,GWh,85622.78,2020,2,,,,,,,,,
India,IND,India Total,IN,total,01/02/2020,Electricity generation,Fuel,Gas,GWh,3667.27,2020,2,,,,,,,,,
India,IND,India Total,IN,total,01/02/2020,Electricity generation,Fuel,Hydro,GWh,8998.02,2020,2,,,,,,,,,
India,IND,India Total,IN,total,01/02/2020,Electricity generation,Fuel,Nuclear,GWh,3172.9,2020,2,,,,,,,,,
India,IND,India Total,IN,total,01/02/2020,Electricity generation,Fuel,Other Fossil,GWh,10.44,2020,2,,,,,,,,,
India,IND,India Total,IN,total,01/02/2020,Electricity generation,Fuel,Other Renewables,GWh,28.68,2020,2,,,,,,,,,
India,IND,India Total,IN,total,01/02/2020,Electricity generation,Fuel,Solar,GWh,5090.66,2020,2,,,,,,,,,
India,IND,India Total,IN,total,01/02/2020,Electricity generation,Fuel,Wind,GWh,3518.87,2020,2,,,,,,,,,
India,IND,India Total,IN,total,01/03/2020,Electricity generation,Fuel,Bioenergy,GWh,1602.12,2020,3,,,,,,,,,
India,IND,India Total,IN,total,01/03/2020,Electricity generation,Fuel,Coal,GWh,78499.54,2020,3,,,,,,,,,
India,IND,India Total,IN,total,01/03/2020,Electricity generation,Fuel,Gas,GWh,4301.69,2020,3,,,,,,,,,
India,IND,India Total,IN,total,01/03/2020,Electricity generation,Fuel,Hydro,GWh,9729.55,2020,3,,,,,,,,,
India,IND,India Total,IN,total,01/03/2020,Electricity generation,Fuel,Nuclear,GWh,4054.31,2020,3,,,,,,,,,
India,IND,India Total,IN,total,01/03/2020,Electricity generation,Fuel,Other Fossil,GWh,11.16,2020,3,,,,,,,,,
India,IND,India Total,IN,total,01/03/2020,Electricity generation,Fuel,Other Renewables,GWh,36.96,2020,3,,,,,,,,,
India,IND,India Total,IN,total,01/03/2020,Electricity generation,Fuel,Solar,GWh,5633.32,2020,3,,,,,,,,,
India,IND,India Total,IN,total,01/03/2020,Electricity generation,Fuel,Wind,GWh,3405.61,2020,3,,,,,,,,,
India,IND,India Total,IN,total,01/04/2020,Electricity generation,Fuel,Bioenergy,GWh,1158.15,2020,4,,,,,,,,,
India,IND,India Total,IN,total,01/04/2020,Electricity generation,Fuel,Coal,GWh,61936.91,2020,4,,,,,,,,,
India,IND,India Total,IN,total,01/04/2020,Electricity generation,Fuel,Gas,GWh,4858.01,2020,4,,,,,,,,,
India,IND,India Total,IN,total,01/04/2020,Electricity generation,Fuel,Hydro,GWh,10815.01,2020,4,,,,,,,,,
India,IND,India Total,IN,total,01/04/2020,Electricity generation,Fuel,Nuclear,GWh,3860.07,2020,4,,,,,,,,,
India,IND,India Total,IN,total,01/04/2020,Electricity generation,Fuel,Other Fossil,GWh,10.8,2020,4,,,,,,,,,
India,IND,India Total,IN,total,01/04/2020,Electricity generation,Fuel,Other Renewables,GWh,33.26,2020,4,,,,,,,,,
India,IND,India Total,IN,total,01/04/2020,Electricity generation,Fuel,Solar,GWh,5353.45,2020,4,,,,,,,,,
India,IND,India Total,IN,total,01/04/2020,Electricity generation,Fuel,Wind,GWh,3473.87,2020,4,,,,,,,,,
India,IND,India Total,IN,total,01/05/2020,Electricity generation,Fuel,Bioenergy,GWh,924.79,2020,5,,,,,,,,,
India,IND,India Total,IN,total,01/05/2020,Electricity generation,Fuel,Coal,GWh,72655.32,2020,5,,,,,,,,,
India,IND,India Total,IN,total,01/05/2020,Electricity generation,Fuel,Gas,GWh,5227.27,2020,5,,,,,,,,,
India,IND,India Total,IN,total,01/05/2020,Electricity generation,Fuel,Hydro,GWh,14793.31,2020,5,,,,,,,,,
India,IND,India Total,IN,total,01/05/2020,Electricity generation,Fuel,Nuclear,GWh,3797.54,2020,5,,,,,,,,,
India,IND,India Total,IN,total,01/05/2020,Electricity generation,Fuel,Other Fossil,GWh,11.16,2020,5,,,,,,,,,
India,IND,India Total,IN,total,01/05/2020,Electricity generation,Fuel,Other Renewables,GWh,36.47,2020,5,,,,,,,,,
India,IND,India Total,IN,total,01/05/2020,Electricity generation,Fuel,Solar,GWh,5618.3,2020,5,,,,,,,,,
India,IND,India Total,IN,total,01/05/2020,Electricity generation,Fuel,Wind,GWh,6237.89,2020,5,,,,,,,,,
India,IND,India Total,IN,total,01/06/2020,Electricity generation,Fuel,Bioenergy,GWh,482.08,2020,6,,,,,,,,,
India,IND,India Total,IN,total,01/06/2020,Electricity generation,Fuel,Coal,GWh,73055.31,2020,6,,,,,,,,,
India,IND,India Total,IN,total,01/06/2020,Electricity generation,Fuel,Gas,GWh,5081.06,2020,6,,,,,,,,,
India,IND,India Total,IN,total,01/06/2020,Electricity generation,Fuel,Hydro,GWh,17833.2,2020,6,,,,,,,,,
India,IND,India Total,IN,total,01/06/2020,Electricity generation,Fuel,Nuclear,GWh,3764.73,2020,6,,,,,,,,,
India,IND,India Total,IN,total,01/06/2020,Electricity generation,Fuel,Other Fossil,GWh,10.8,2020,6,,,,,,,,,
India,IND,India Total,IN,total,01/06/2020,Electricity generation,Fuel,Other Renewables,GWh,123.46,2020,6,,,,,,,,,
India,IND,India Total,IN,total,01/06/2020,Electricity generation,Fuel,Solar,GWh,4703.23,2020,6,,,,,,,,,
India,IND,India Total,IN,total,01/06/2020,Electricity generation,Fuel,Wind,GWh,7895.79,2020,6,,,,,,,,,
India,IND,India Total,IN,total,01/07/2020,Electricity generation,Fuel,Bioenergy,GWh,443.06,2020,7,,,,,,,,,
India,IND,India Total,IN,total,01/07/2020,Electricity generation,Fuel,Coal,GWh,80575.48,2020,7,,,,,,,,,
India,IND,India Total,IN,total,01/07/2020,Electricity generation,Fuel,Gas,GWh,4860.63,2020,7,,,,,,,,,
India,IND,India Total,IN,total,01/07/2020,Electricity generation,Fuel,Hydro,GWh,19002.05,2020,7,,,,,,,,,
India,IND,India Total,IN,total,01/07/2020,Electricity generation,Fuel,Nuclear,GWh,3358.52,2020,7,,,,,,,,,
India,IND,India Total,IN,total,01/07/2020,Electricity generation,Fuel,Other Fossil,GWh,11.16,2020,7,,,,,,,,,
India,IND,India Total,IN,total,01/07/2020,Electricity generation,Fuel,Other Renewables,GWh,144.24,2020,7,,,,,,,,,
India,IND,India Total,IN,total,01/07/2020,Electricity generation,Fuel,Solar,GWh,4639.49,2020,7,,,,,,,,,
India,IND,India Total,IN,total,01/07/2020,Electricity generation,Fuel,Wind,GWh,6966.95,2020,7,,,,,,,,,
India,IND,India Total,IN,total,01/08/2020,Electricity generation,Fuel,Bioenergy,GWh,426.03,2020,8,,,,,,,,,
India,IND,India Total,IN,total,01/08/2020,Electricity generation,Fuel,Coal,GWh,74687.06,2020,8,,,,,,,,,
India,IND,India Total,IN,total,01/08/2020,Electricity generation,Fuel,Gas,GWh,4335.48,2020,8,,,,,,,,,
India,IND,India Total,IN,total,01/08/2020,Electricity generation,Fuel,Hydro,GWh,20224.66,2020,8,,,,,,,,,
India,IND,India Total,IN,total,01/08/2020,Electricity generation,Fuel,Nuclear,GWh,3590.73,2020,8,,,,,,,,,
India,IND,India Total,IN,total,01/08/2020,Electricity generation,Fuel,Other Fossil,GWh,11.16,2020,8,,,,,,,,,
India,IND,India Total,IN,total,01/08/2020,Electricity generation,Fuel,Other Renewables,GWh,153.24,2020,8,,,,,,,,,
India,IND,India Total,IN,total,01/08/2020,Electricity generation,Fuel,Solar,GWh,4264.75,2020,8,,,,,,,,,
India,IND,India Total,IN,total,01/08/2020,Electricity generation,Fuel,Wind,GWh,9645.5,2020,8,,,,,,,,,
India,IND,India Total,IN,total,01/09/2020,Electricity generation,Fuel,Bioenergy,GWh,453.01,2020,9,,,,,,,,,
India,IND,India Total,IN,total,01/09/2020,Electricity generation,Fuel,Coal,GWh,81583.85,2020,9,,,,,,,,,
India,IND,India Total,IN,total,01/09/2020,Electricity generation,Fuel,Gas,GWh,4393.48,2020,9,,,,,,,,,
India,IND,India Total,IN,total,01/09/2020,Electricity generation,Fuel,Hydro,GWh,20267.43,2020,9,,,,,,,,,
India,IND,India Total,IN,total,01/09/2020,Electricity generation,Fuel,Nuclear,GWh,3881.96,2020,9,,,,,,,,,
India,IND,India Total,IN,total,01/09/2020,Electricity generation,Fuel,Other Fossil,GWh,10.4,2020,9,,,,,,,,,
India,IND,India Total,IN,total,01/09/2020,Electricity generation,Fuel,Other Renewables,GWh,140.44,2020,9,,,,,,,,,
India,IND,India Total,IN,total,01/09/2020,Electricity generation,Fuel,Solar,GWh,4550.71,2020,9,,,,,,,,,
India,IND,India Total,IN,total,01/09/2020,Electricity generation,Fuel,Wind,GWh,4852.13,2020,9,,,,,,,,,
India,IND,India Total,IN,total,01/10/2020,Electricity generation,Fuel,Bioenergy,GWh,558.98,2020,10,,,,,,,,,
India,IND,India Total,IN,total,01/10/2020,Electricity generation,Fuel,Coal,GWh,84889.02,2020,10,,,,,,,,,
India,IND,India Total,IN,total,01/10/2020,Electricity generation,Fuel,Gas,GWh,4760.75,2020,10,,,,,,,,,
India,IND,India Total,IN,total,01/10/2020,Electricity generation,Fuel,Hydro,GWh,14343.77,2020,10,,,,,,,,,
India,IND,India Total,IN,total,01/10/2020,Electricity generation,Fuel,Nuclear,GWh,3969.13,2020,10,,,,,,,,,
India,IND,India Total,IN,total,01/10/2020,Electricity generation,Fuel,Other Fossil,GWh,5.75,2020,10,,,,,,,,,
India,IND,India Total,IN,total,01/10/2020,Electricity generation,Fuel,Other Renewables,GWh,161.37,2020,10,,,,,,,,,
India,IND,India Total,IN,total,01/10/2020,Electricity generation,Fuel,Solar,GWh,4876.01,2020,10,,,,,,,,,
India,IND,India Total,IN,total,01/10/2020,Electricity generation,Fuel,Wind,GWh,3989.93,2020,10,,,,,,,,,
India,IND,India Total,IN,total,01/11/2020,Electricity generation,Fuel,Bioenergy,GWh,1741.35,2020,11,,,,,,,,,
India,IND,India Total,IN,total,01/11/2020,Electricity generation,Fuel,Coal,GWh,78714.7,2020,11,,,,,,,,,
India,IND,India Total,IN,total,01/11/2020,Electricity generation,Fuel,Gas,GWh,3799.87,2020,11,,,,,,,,,
India,IND,India Total,IN,total,01/11/2020,Electricity generation,Fuel,Hydro,GWh,9273.35,2020,11,,,,,,,,,
India,IND,India Total,IN,total,01/11/2020,Electricity generation,Fuel,Nuclear,GWh,3830.99,2020,11,,,,,,,,,
India,IND,India Total,IN,total,01/11/2020,Electricity generation,Fuel,Other Fossil,GWh,20.89,2020,11,,,,,,,,,
India,IND,India Total,IN,total,01/11/2020,Electricity generation,Fuel,Other Renewables,GWh,161.69,2020,11,,,,,,,,,
India,IND,India Total,IN,total,01/11/2020,Electricity generation,Fuel,Solar,GWh,4592.33,2020,11,,,,,,,,,
India,IND,India Total,IN,total,01/11/2020,Electricity generation,Fuel,Wind,GWh,3305.21,2020,11,,,,,,,,,
India,IND,India Total,IN,total,01/12/2020,Electricity generation,Fuel,Bioenergy,GWh,2310.6,2020,12,,,,,,,,,
India,IND,India Total,IN,total,01/12/2020,Electricity generation,Fuel,Coal,GWh,87910.39,2020,12,,,,,,,,,
India,IND,India Total,IN,total,01/12/2020,Electricity generation,Fuel,Gas,GWh,3492.53,2020,12,,,,,,,,,
India,IND,India Total,IN,total,01/12/2020,Electricity generation,Fuel,Hydro,GWh,8857.22,2020,12,,,,,,,,,
India,IND,India Total,IN,total,01/12/2020,Electricity generation,Fuel,Nuclear,GWh,3894.84,2020,12,,,,,,,,,
India,IND,India Total,IN,total,01/12/2020,Electricity generation,Fuel,Other Fossil,GWh,8.11,2020,12,,,,,,,,,
India,IND,India Total,IN,total,01/12/2020,Electricity generation,Fuel,Other Renewables,GWh,167.18,2020,12,,,,,,,,,
India,IND,India Total,IN,total,01/12/2020,Electricity generation,Fuel,Solar,GWh,4748.53,2020,12,,,,,,,,,
India,IND,India Total,IN,total,01/12/2020,Electricity generation,Fuel,Wind,GWh,3815.72,2020,12,,,,,,,,,
India,IND,India Total,IN,total,01/01/2021,Electricity generation,Fuel,Bioenergy,GWh,2344.03,2021,1,,,,,,,,,
India,IND,India Total,IN,total,01/01/2021,Electricity generation,Fuel,Coal,GWh,94164.84,2021,1,,,,,,,,,
India,IND,India Total,IN,total,01/01/2021,Electricity generation,Fuel,Gas,GWh,3016.2,2021,1,,,,,,,,,
India,IND,India Total,IN,total,01/01/2021,Electricity generation,Fuel,Hydro,GWh,8537.61,2021,1,,,,,,,,,
India,IND,India Total,IN,total,01/01/2021,Electricity generation,Fuel,Nuclear,GWh,3214.5,2021,1,,,,,,,,,
India,IND,India Total,IN,total,01/01/2021,Electricity generation,Fuel,Other Fossil,GWh,10.78,2021,1,,,,,,,,,
India,IND,India Total,IN,total,01/01/2021,Electricity generation,Fuel,Other Renewables,GWh,164.5,2021,1,,,,,,,,,
India,IND,India Total,IN,total,01/01/2021,Electricity generation,Fuel,Solar,GWh,4865.41,2021,1,,,,,,,,,
India,IND,India Total,IN,total,01/01/2021,Electricity generation,Fuel,Wind,GWh,3562.31,2021,1,,,,,,,,,
India,IND,India Total,IN,total,01/02/2021,Electricity generation,Fuel,Bioenergy,GWh,2116.77,2021,2,,,,,,,,,
India,IND,India Total,IN,total,01/02/2021,Electricity generation,Fuel,Coal,GWh,88161.89,2021,2,,,,,,,,,
India,IND,India Total,IN,total,01/02/2021,Electricity generation,Fuel,Gas,GWh,3130.36,2021,2,,,,,,,,,
India,IND,India Total,IN,total,01/02/2021,Electricity generation,Fuel,Hydro,GWh,7781.43,2021,2,,,,,,,,,
India,IND,India Total,IN,total,01/02/2021,Electricity generation,Fuel,Nuclear,GWh,2704.82,2021,2,,,,,,,,,
India,IND,India Total,IN,total,01/02/2021,Electricity generation,Fuel,Other Fossil,GWh,7.01,2021,2,,,,,,,,,
India,IND,India Total,IN,total,01/02/2021,Electricity generation,Fuel,Other Renewables,GWh,159.64,2021,2,,,,,,,,,
India,IND,India Total,IN,total,01/02/2021,Electricity generation,Fuel,Solar,GWh,5435.79,2021,2,,,,,,,,,
India,IND,India Total,IN,total,01/02/2021,Electricity generation,Fuel,Wind,GWh,2872.83,2021,2,,,,,,,,,
India,IND,India Total,IN,total,01/03/2021,Electricity generation,Fuel,Bioenergy,GWh,1857.02,2021,3,,,,,,,,,
India,IND,India Total,IN,total,01/03/2021,Electricity generation,Fuel,Coal,GWh,103108.39,2021,3,,,,,,,,,
India,IND,India Total,IN,total,01/03/2021,Electricity generation,Fuel,Gas,GWh,3988.37,2021,3,,,,,,,,,
India,IND,India Total,IN,total,01/03/2021,Electricity generation,Fuel,Hydro,GWh,8825.42,2021,3,,,,,,,,,
India,IND,India Total,IN,total,01/03/2021,Electricity generation,Fuel,Nuclear,GWh,3161.24,2021,3,,,,,,,,,
India,IND,India Total,IN,total,01/03/2021,Electricity generation,Fuel,Other Fossil,GWh,8.29,2021,3,,,,,,,,,
India,IND,India Total,IN,total,01/03/2021,Electricity generation,Fuel,Other Renewables,GWh,175.51,2021,3,,,,,,,,,
India,IND,India Total,IN,total,01/03/2021,Electricity generation,Fuel,Solar,GWh,6754.24,2021,3,,,,,,,,,
India,IND,India Total,IN,total,01/03/2021,Electricity generation,Fuel,Wind,GWh,3531.87,2021,3,,,,,,,,,
India,IND,India Total,IN,total,01/04/2021,Electricity generation,Fuel,Bioenergy,GWh,1172.97,2021,4,,,,,,,,,
India,IND,India Total,IN,total,01/04/2021,Electricity generation,Fuel,Coal,GWh,99963.45,2021,4,,,,,,,,,
India,IND,India Total,IN,total,01/04/2021,Electricity generation,Fuel,Gas,GWh,3727.03,2021,4,,,,,,,,,
India,IND,India Total,IN,total,01/04/2021,Electricity generation,Fuel,Hydro,GWh,8705.61,2021,4,,,,,,,,,
India,IND,India Total,IN,total,01/04/2021,Electricity generation,Fuel,Nuclear,GWh,3363.72,2021,4,,,,,,,,,
India,IND,India Total,IN,total,01/04/2021,Electricity generation,Fuel,Other Fossil,GWh,6.92,2021,4,,,,,,,,,
India,IND,India Total,IN,total,01/04/2021,Electricity generation,Fuel,Other Renewables,GWh,179.34,2021,4,,,,,,,,,
India,IND,India Total,IN,total,01/04/2021,Electricity generation,Fuel,Solar,GWh,6122.19,2021,4,,,,,,,,,
India,IND,India Total,IN,total,01/04/2021,Electricity generation,Fuel,Wind,GWh,3734.38,2021,4,,,,,,,,,
India,IND,India Total,IN,total,01/05/2021,Electricity generation,Fuel,Bioenergy,GWh,706.08,2021,5,,,,,,,,,
India,IND,India Total,IN,total,01/05/2021,Electricity generation,Fuel,Coal,GWh,84046.88,2021,5,,,,,,,,,
India,IND,India Total,IN,total,01/05/2021,Electricity generation,Fuel,Gas,GWh,3453,2021,5,,,,,,,,,
India,IND,India Total,IN,total,01/05/2021,Electricity generation,Fuel,Hydro,GWh,12306.75,2021,5,,,,,,,,,
India,IND,India Total,IN,total,01/05/2021,Electricity generation,Fuel,Nuclear,GWh,4000.16,2021,5,,,,,,,,,
India,IND,India Total,IN,total,01/05/2021,Electricity generation,Fuel,Other Fossil,GWh,6.75,2021,5,,,,,,,,,
India,IND,India Total,IN,total,01/05/2021,Electricity generation,Fuel,Other Renewables,GWh,176.69,2021,5,,,,,,,,,
India,IND,India Total,IN,total,01/05/2021,Electricity generation,Fuel,Solar,GWh,5994.67,2021,5,,,,,,,,,
India,IND,India Total,IN,total,01/05/2021,Electricity generation,Fuel,Wind,GWh,7083.52,2021,5,,,,,,,,,
India,IND,India Total,IN,total,01/06/2021,Electricity generation,Fuel,Bioenergy,GWh,468.95,2021,6,,,,,,,,,
India,IND,India Total,IN,total,01/06/2021,Electricity generation,Fuel,Coal,GWh,82006.65,2021,6,,,,,,,,,
India,IND,India Total,IN,total,01/06/2021,Electricity generation,Fuel,Gas,GWh,3424.5,2021,6,,,,,,,,,
India,IND,India Total,IN,total,01/06/2021,Electricity generation,Fuel,Hydro,GWh,16733.85,2021,6,,,,,,,,,
India,IND,India Total,IN,total,01/06/2021,Electricity generation,Fuel,Nuclear,GWh,3892.12,2021,6,,,,,,,,,
India,IND,India Total,IN,total,01/06/2021,Electricity generation,Fuel,Other Fossil,GWh,6.59,2021,6,,,,,,,,,
India,IND,India Total,IN,total,01/06/2021,Electricity generation,Fuel,Other Renewables,GWh,164.11,2021,6,,,,,,,,,
India,IND,India Total,IN,total,01/06/2021,Electricity generation,Fuel,Solar,GWh,6006.23,2021,6,,,,,,,,,
India,IND,India Total,IN,total,01/06/2021,Electricity generation,Fuel,Wind,GWh,9725.45,2021,6,,,,,,,,,
India,IND,India Total,IN,total,01/07/2021,Electricity generation,Fuel,Bioenergy,GWh,994.87,2021,7,,,,,,,,,
India,IND,India Total,IN,total,01/07/2021,Electricity generation,Fuel,Coal,GWh,89044.62,2021,7,,,,,,,,,
India,IND,India Total,IN,total,01/07/2021,Electricity generation,Fuel,Gas,GWh,3374.39,2021,7,,,,,,,,,
India,IND,India Total,IN,total,01/07/2021,Electricity generation,Fuel,Hydro,GWh,19967.36,2021,7,,,,,,,,,
India,IND,India Total,IN,total,01/07/2021,Electricity generation,Fuel,Nuclear,GWh,3613.17,2021,7,,,,,,,,,
India,IND,India Total,IN,total,01/07/2021,Electricity generation,Fuel,Other Fossil,GWh,7.66,2021,7,,,,,,,,,
India,IND,India Total,IN,total,01/07/2021,Electricity generation,Fuel,Other Renewables,GWh,160.52,2021,7,,,,,,,,,
India,IND,India Total,IN,total,01/07/2021,Electricity generation,Fuel,Solar,GWh,5170.06,2021,7,,,,,,,,,
India,IND,India Total,IN,total,01/07/2021,Electricity generation,Fuel,Wind,GWh,11421.28,2021,7,,,,,,,,,
India,IND,India Total,IN,total,01/08/2021,Electricity generation,Fuel,Bioenergy,GWh,452.03,2021,8,,,,,,,,,
India,IND,India Total,IN,total,01/08/2021,Electricity generation,Fuel,Coal,GWh,92489.65,2021,8,,,,,,,,,
India,IND,India Total,IN,total,01/08/2021,Electricity generation,Fuel,Gas,GWh,3735.19,2021,8,,,,,,,,,
India,IND,India Total,IN,total,01/08/2021,Electricity generation,Fuel,Hydro,GWh,21746.01,2021,8,,,,,,,,,
India,IND,India Total,IN,total,01/08/2021,Electricity generation,Fuel,Nuclear,GWh,3139.89,2021,8,,,,,,,,,
India,IND,India Total,IN,total,01/08/2021,Electricity generation,Fuel,Other Fossil,GWh,7.11,2021,8,,,,,,,,,
India,IND,India Total,IN,total,01/08/2021,Electricity generation,Fuel,Other Renewables,GWh,179.67,2021,8,,,,,,,,,
India,IND,India Total,IN,total,01/08/2021,Electricity generation,Fuel,Solar,GWh,5449.51,2021,8,,,,,,,,,
India,IND,India Total,IN,total,01/08/2021,Electricity generation,Fuel,Wind,GWh,9348.92,2021,8,,,,,,,,,
India,IND,India Total,IN,total,01/09/2021,Electricity generation,Fuel,Bioenergy,GWh,391.41,2021,9,,,,,,,,,
India,IND,India Total,IN,total,01/09/2021,Electricity generation,Fuel,Coal,GWh,81990.75,2021,9,,,,,,,,,
India,IND,India Total,IN,total,01/09/2021,Electricity generation,Fuel,Gas,GWh,3321.13,2021,9,,,,,,,,,
India,IND,India Total,IN,total,01/09/2021,Electricity generation,Fuel,Hydro,GWh,19290.4,2021,9,,,,,,,,,
India,IND,India Total,IN,total,01/09/2021,Electricity generation,Fuel,Nuclear,GWh,3896.95,2021,9,,,,,,,,,
India,IND,India Total,IN,total,01/09/2021,Electricity generation,Fuel,Other Fossil,GWh,7.08,2021,9,,,,,,,,,
India,IND,India Total,IN,total,01/09/2021,Electricity generation,Fuel,Other Renewables,GWh,181.98,2021,9,,,,,,,,,
India,IND,India Total,IN,total,01/09/2021,Electricity generation,Fuel,Solar,GWh,5409.09,2021,9,,,,,,,,,
India,IND,India Total,IN,total,01/09/2021,Electricity generation,Fuel,Wind,GWh,6981.27,2021,9,,,,,,,,,
India,IND,India Total,IN,total,01/10/2021,Electricity generation,Fuel,Bioenergy,GWh,571.59,2021,10,,,,,,,,,
India,IND,India Total,IN,total,01/10/2021,Electricity generation,Fuel,Coal,GWh,86461.29,2021,10,,,,,,,,,
India,IND,India Total,IN,total,01/10/2021,Electricity generation,Fuel,Gas,GWh,3629.3,2021,10,,,,,,,,,
India,IND,India Total,IN,total,01/10/2021,Electricity generation,Fuel,Hydro,GWh,16809.85,2021,10,,,,,,,,,
India,IND,India Total,IN,total,01/10/2021,Electricity generation,Fuel,Nuclear,GWh,4417.41,2021,10,,,,,,,,,
India,IND,India Total,IN,total,01/10/2021,Electricity generation,Fuel,Other Fossil,GWh,15.09,2021,10,,,,,,,,,
India,IND,India Total,IN,total,01/10/2021,Electricity generation,Fuel,Other Renewables,GWh,198.64,2021,10,,,,,,,,,
India,IND,India Total,IN,total,01/10/2021,Electricity generation,Fuel,Solar,GWh,6225.9,2021,10,,,,,,,,,
India,IND,India Total,IN,total,01/10/2021,Electricity generation,Fuel,Wind,GWh,2977.92,2021,10,,,,,,,,,
India,IND,India Total,IN,total,01/11/2021,Electricity generation,Fuel,Bioenergy,GWh,1776.28,2021,11,,,,,,,,,
India,IND,India Total,IN,total,01/11/2021,Electricity generation,Fuel,Coal,GWh,80393.58,2021,11,,,,,,,,,
India,IND,India Total,IN,total,01/11/2021,Electricity generation,Fuel,Gas,GWh,2305.75,2021,11,,,,,,,,,
India,IND,India Total,IN,total,01/11/2021,Electricity generation,Fuel,Hydro,GWh,10584.84,2021,11,,,,,,,,,
India,IND,India Total,IN,total,01/11/2021,Electricity generation,Fuel,Nuclear,GWh,4062.63,2021,11,,,,,,,,,
India,IND,India Total,IN,total,01/11/2021,Electricity generation,Fuel,Other Fossil,GWh,9.54,2021,11,,,,,,,,,
India,IND,India Total,IN,total,01/11/2021,Electricity generation,Fuel,Other Renewables,GWh,210.64,2021,11,,,,,,,,,
India,IND,India Total,IN,total,01/11/2021,Electricity generation,Fuel,Solar,GWh,5014.77,2021,11,,,,,,,,,
India,IND,India Total,IN,total,01/11/2021,Electricity generation,Fuel,Wind,GWh,3277.5,2021,11,,,,,,,,,
India,IND,India Total,IN,total,01/12/2021,Electricity generation,Fuel,Bioenergy,GWh,2479.8,2021,12,,,,,,,,,
India,IND,India Total,IN,total,01/12/2021,Electricity generation,Fuel,Coal,GWh,91012.72,2021,12,,,,,,,,,
India,IND,India Total,IN,total,01/12/2021,Electricity generation,Fuel,Gas,GWh,2274.68,2021,12,,,,,,,,,
India,IND,India Total,IN,total,01/12/2021,Electricity generation,Fuel,Hydro,GWh,8696.22,2021,12,,,,,,,,,
India,IND,India Total,IN,total,01/12/2021,Electricity generation,Fuel,Nuclear,GWh,4451.32,2021,12,,,,,,,,,
India,IND,India Total,IN,total,01/12/2021,Electricity generation,Fuel,Other Fossil,GWh,8.11,2021,12,,,,,,,,,
India,IND,India Total,IN,total,01/12/2021,Electricity generation,Fuel,Other Renewables,GWh,209.54,2021,12,,,,,,,,,
India,IND,India Total,IN,total,01/12/2021,Electricity generation,Fuel,Solar,GWh,5858.03,2021,12,,,,,,,,,
India,IND,India Total,IN,total,01/12/2021,Electricity generation,Fuel,Wind,GWh,3577.01,2021,12,,,,,,,,,
India,IND,India Total,IN,total,01/01/2022,Electricity generation,Fuel,Bioenergy,GWh,2396.96,2022,1,,,,,,,,,
India,IND,India Total,IN,total,01/01/2022,Electricity generation,Fuel,Coal,GWh,94081.75,2022,1,,,,,,,,,
India,IND,India Total,IN,total,01/01/2022,Electricity generation,Fuel,Gas,GWh,2191.34,2022,1,,,,,,,,,
India,IND,India Total,IN,total,01/01/2022,Electricity generation,Fuel,Hydro,GWh,8025.88,2022,1,,,,,,,,,
India,IND,India Total,IN,total,01/01/2022,Electricity generation,Fuel,Nuclear,GWh,4056.7,2022,1,,,,,,,,,
India,IND,India Total,IN,total,01/01/2022,Electricity generation,Fuel,Other Fossil,GWh,19.19,2022,1,,,,,,,,,
India,IND,India Total,IN,total,01/01/2022,Electricity generation,Fuel,Other Renewables,GWh,214.46,2022,1,,,,,,,,,
India,IND,India Total,IN,total,01/01/2022,Electricity generation,Fuel,Solar,GWh,6611.09,2022,1,,,,,,,,,
India,IND,India Total,IN,total,01/01/2022,Electricity generation,Fuel,Wind,GWh,3398.22,2022,1,,,,,,,,,
India,IND,India Total,IN,total,01/02/2022,Electricity generation,Fuel,Bioenergy,GWh,2198.48,2022,2,,,,,,,,,
India,IND,India Total,IN,total,01/02/2022,Electricity generation,Fuel,Coal,GWh,90825.48,2022,2,,,,,,,,,
India,IND,India Total,IN,total,01/02/2022,Electricity generation,Fuel,Gas,GWh,2097.97,2022,2,,,,,,,,,
India,IND,India Total,IN,total,01/02/2022,Electricity generation,Fuel,Hydro,GWh,8001,2022,2,,,,,,,,,
India,IND,India Total,IN,total,01/02/2022,Electricity generation,Fuel,Nuclear,GWh,3811.39,2022,2,,,,,,,,,
India,IND,India Total,IN,total,01/02/2022,Electricity generation,Fuel,Other Fossil,GWh,8.06,2022,2,,,,,,,,,
India,IND,India Total,IN,total,01/02/2022,Electricity generation,Fuel,Other Renewables,GWh,180.71,2022,2,,,,,,,,,
India,IND,India Total,IN,total,01/02/2022,Electricity generation,Fuel,Solar,GWh,7276.19,2022,2,,,,,,,,,
India,IND,India Total,IN,total,01/02/2022,Electricity generation,Fuel,Wind,GWh,3107.75,2022,2,,,,,,,,,
India,IND,India Total,IN,total,01/03/2022,Electricity generation,Fuel,Bioenergy,GWh,2447.22,2022,3,,,,,,,,,
India,IND,India Total,IN,total,01/03/2022,Electricity generation,Fuel,Coal,GWh,106264.52,2022,3,,,,,,,,,
India,IND,India Total,IN,total,01/03/2022,Electricity generation,Fuel,Gas,GWh,2481.49,2022,3,,,,,,,,,
India,IND,India Total,IN,total,01/03/2022,Electricity generation,Fuel,Hydro,GWh,11222.88,2022,3,,,,,,,,,
India,IND,India Total,IN,total,01/03/2022,Electricity generation,Fuel,Nuclear,GWh,4406.57,2022,3,,,,,,,,,
India,IND,India Total,IN,total,01/03/2022,Electricity generation,Fuel,Other Fossil,GWh,15.14,2022,3,,,,,,,,,
India,IND,India Total,IN,total,01/03/2022,Electricity generation,Fuel,Other Renewables,GWh,211.72,2022,3,,,,,,,,,
India,IND,India Total,IN,total,01/03/2022,Electricity generation,Fuel,Solar,GWh,8338.23,2022,3,,,,,,,,,
India,IND,India Total,IN,total,01/03/2022,Electricity generation,Fuel,Wind,GWh,4006.84,2022,3,,,,,,,,,
India,IND,India Total,IN,total,01/04/2022,Electricity generation,Fuel,Bioenergy,GWh,1758.71,2022,4,,,,,,,,,
India,IND,India Total,IN,total,01/04/2022,Electricity generation,Fuel,Coal,GWh,108910.8,2022,4,,,,,,,,,
India,IND,India Total,IN,total,01/04/2022,Electricity generation,Fuel,Gas,GWh,2660.45,2022,4,,,,,,,,,
India,IND,India Total,IN,total,01/04/2022,Electricity generation,Fuel,Hydro,GWh,12223.36,2022,4,,,,,,,,,
India,IND,India Total,IN,total,01/04/2022,Electricity generation,Fuel,Nuclear,GWh,3521.19,2022,4,,,,,,,,,
India,IND,India Total,IN,total,01/04/2022,Electricity generation,Fuel,Other Fossil,GWh,11.58,2022,4,,,,,,,,,
India,IND,India Total,IN,total,01/04/2022,Electricity generation,Fuel,Other Renewables,GWh,215.56,2022,4,,,,,,,,,
India,IND,India Total,IN,total,01/04/2022,Electricity generation,Fuel,Solar,GWh,8334.25,2022,4,,,,,,,,,
India,IND,India Total,IN,total,01/04/2022,Electricity generation,Fuel,Wind,GWh,4126.24,2022,4,,,,,,,,,
India,IND,India Total,IN,total,01/05/2022,Electricity generation,Fuel,Bioenergy,GWh,1029.27,2022,5,,,,,,,,,
India,IND,India Total,IN,total,01/05/2022,Electricity generation,Fuel,Coal,GWh,105955.63,2022,5,,,,,,,,,
India,IND,India Total,IN,total,01/05/2022,Electricity generation,Fuel,Gas,GWh,2451.1,2022,5,,,,,,,,,
India,IND,India Total,IN,total,01/05/2022,Electricity generation,Fuel,Hydro,GWh,13525.59,2022,5,,,,,,,,,
India,IND,India Total,IN,total,01/05/2022,Electricity generation,Fuel,Nuclear,GWh,3524.72,2022,5,,,,,,,,,
India,IND,India Total,IN,total,01/05/2022,Electricity generation,Fuel,Other Fossil,GWh,9.44,2022,5,,,,,,,,,
India,IND,India Total,IN,total,01/05/2022,Electricity generation,Fuel,Other Renewables,GWh,207.2,2022,5,,,,,,,,,
India,IND,India Total,IN,total,01/05/2022,Electricity generation,Fuel,Solar,GWh,8827.55,2022,5,,,,,,,,,
India,IND,India Total,IN,total,01/05/2022,Electricity generation,Fuel,Wind,GWh,10174.27,2022,5,,,,,,,,,
India,IND,India Total,IN,total,01/06/2022,Electricity generation,Fuel,Bioenergy,GWh,633.32,2022,6,,,,,,,,,
India,IND,India Total,IN,total,01/06/2022,Electricity generation,Fuel,Coal,GWh,103219.09,2022,6,,,,,,,,,
India,IND,India Total,IN,total,01/06/2022,Electricity generation,Fuel,Gas,GWh,2389.39,2022,6,,,,,,,,,
India,IND,India Total,IN,total,01/06/2022,Electricity generation,Fuel,Hydro,GWh,14645.01,2022,6,,,,,,,,,
India,IND,India Total,IN,total,01/06/2022,Electricity generation,Fuel,Nuclear,GWh,3867.38,2022,6,,,,,,,,,
India,IND,India Total,IN,total,01/06/2022,Electricity generation,Fuel,Other Fossil,GWh,9.69,2022,6,,,,,,,,,
India,IND,India Total,IN,total,01/06/2022,Electricity generation,Fuel,Other Renewables,GWh,196.31,2022,6,,,,,,,,,
India,IND,India Total,IN,total,01/06/2022,Electricity generation,Fuel,Solar,GWh,8259.94,2022,6,,,,,,,,,
India,IND,India Total,IN,total,01/06/2022,Electricity generation,Fuel,Wind,GWh,9708.52,2022,6,,,,,,,,,
India,IND,India Total,IN,total,01/07/2022,Electricity generation,Fuel,Bioenergy,GWh,455.97,2022,7,,,,,,,,,
India,IND,India Total,IN,total,01/07/2022,Electricity generation,Fuel,Coal,GWh,92343.23,2022,7,,,,,,,,,
India,IND,India Total,IN,total,01/07/2022,Electricity generation,Fuel,Gas,GWh,2002.31,2022,7,,,,,,,,,
India,IND,India Total,IN,total,01/07/2022,Electricity generation,Fuel,Hydro,GWh,20705.93,2022,7,,,,,,,,,
India,IND,India Total,IN,total,01/07/2022,Electricity generation,Fuel,Nuclear,GWh,4016.93,2022,7,,,,,,,,,
India,IND,India Total,IN,total,01/07/2022,Electricity generation,Fuel,Other Fossil,GWh,10.34,2022,7,,,,,,,,,
India,IND,India Total,IN,total,01/07/2022,Electricity generation,Fuel,Other Renewables,GWh,211.41,2022,7,,,,,,,,,
India,IND,India Total,IN,total,01/07/2022,Electricity generation,Fuel,Solar,GWh,6965.88,2022,7,,,,,,,,,
India,IND,India Total,IN,total,01/07/2022,Electricity generation,Fuel,Wind,GWh,10266.43,2022,7,,,,,,,,,
India,IND,India Total,IN,total,01/08/2022,Electricity generation,Fuel,Bioenergy,GWh,397.28,2022,8,,,,,,,,,
India,IND,India Total,IN,total,01/08/2022,Electricity generation,Fuel,Coal,GWh,91253.92,2022,8,,,,,,,,,
India,IND,India Total,IN,total,01/08/2022,Electricity generation,Fuel,Gas,GWh,1967.39,2022,8,,,,,,,,,
India,IND,India Total,IN,total,01/08/2022,Electricity generation,Fuel,Hydro,GWh,24925.09,2022,8,,,,,,,,,
India,IND,India Total,IN,total,01/08/2022,Electricity generation,Fuel,Nuclear,GWh,3586.77,2022,8,,,,,,,,,
India,IND,India Total,IN,total,01/08/2022,Electricity generation,Fuel,Other Fossil,GWh,8.69,2022,8,,,,,,,,,
India,IND,India Total,IN,total,01/08/2022,Electricity generation,Fuel,Other Renewables,GWh,213.2,2022,8,,,,,,,,,
India,IND,India Total,IN,total,01/08/2022,Electricity generation,Fuel,Solar,GWh,7428.23,2022,8,,,,,,,,,
India,IND,India Total,IN,total,01/08/2022,Electricity generation,Fuel,Wind,GWh,8694.96,2022,8,,,,,,,,,
India,IND,India Total,IN,total,01/09/2022,Electricity generation,Fuel,Bioenergy,GWh,337.11,2022,9,,,,,,,,,
India,IND,India Total,IN,total,01/09/2022,Electricity generation,Fuel,Coal,GWh,91530.31,2022,9,,,,,,,,,
India,IND,India Total,IN,total,01/09/2022,Electricity generation,Fuel,Gas,GWh,1758.94,2022,9,,,,,,,,,
India,IND,India Total,IN,total,01/09/2022,Electricity generation,Fuel,Hydro,GWh,23541.91,2022,9,,,,,,,,,
India,IND,India Total,IN,total,01/09/2022,Electricity generation,Fuel,Nuclear,GWh,3412.52,2022,9,,,,,,,,,
India,IND,India Total,IN,total,01/09/2022,Electricity generation,Fuel,Other Fossil,GWh,6.69,2022,9,,,,,,,,,
India,IND,India Total,IN,total,01/09/2022,Electricity generation,Fuel,Other Renewables,GWh,204.41,2022,9,,,,,,,,,
India,IND,India Total,IN,total,01/09/2022,Electricity generation,Fuel,Solar,GWh,8207.73,2022,9,,,,,,,,,
India,IND,India Total,IN,total,01/09/2022,Electricity generation,Fuel,Wind,GWh,6654.49,2022,9,,,,,,,,,
India,IND,India Total,IN,total,01/10/2022,Electricity generation,Fuel,Bioenergy,GWh,563.37,2022,10,,,,,,,,,
India,IND,India Total,IN,total,01/10/2022,Electricity generation,Fuel,Coal,GWh,86569.09,2022,10,,,,,,,,,
India,IND,India Total,IN,total,01/10/2022,Electricity generation,Fuel,Gas,GWh,1590.28,2022,10,,,,,,,,,
India,IND,India Total,IN,total,01/10/2022,Electricity generation,Fuel,Hydro,GWh,17465.21,2022,10,,,,,,,,,
India,IND,India Total,IN,total,01/10/2022,Electricity generation,Fuel,Nuclear,GWh,4219.26,2022,10,,,,,,,,,
India,IND,India Total,IN,total,01/10/2022,Electricity generation,Fuel,Other Fossil,GWh,26.21,2022,10,,,,,,,,,
India,IND,India Total,IN,total,01/10/2022,Electricity generation,Fuel,Other Renewables,GWh,228.89,2022,10,,,,,,,,,
India,IND,India Total,IN,total,01/10/2022,Electricity generation,Fuel,Solar,GWh,8726.83,2022,10,,,,,,,,,
India,IND,India Total,IN,total,01/10/2022,Electricity generation,Fuel,Wind,GWh,3421.8,2022,10,,,,,,,,,
India,IND,India Total,IN,total,01/11/2022,Electricity generation,Fuel,Bioenergy,GWh,1707.84,2022,11,,,,,,,,,
India,IND,India Total,IN,total,01/11/2022,Electricity generation,Fuel,Coal,GWh,92678.98,2022,11,,,,,,,,,
India,IND,India Total,IN,total,01/11/2022,Electricity generation,Fuel,Gas,GWh,1758.85,2022,11,,,,,,,,,
India,IND,India Total,IN,total,01/11/2022,Electricity generation,Fuel,Hydro,GWh,10883.34,2022,11,,,,,,,,,
India,IND,India Total,IN,total,01/11/2022,Electricity generation,Fuel,Nuclear,GWh,3869.67,2022,11,,,,,,,,,
India,IND,India Total,IN,total,01/11/2022,Electricity generation,Fuel,Other Fossil,GWh,25.01,2022,11,,,,,,,,,
India,IND,India Total,IN,total,01/11/2022,Electricity generation,Fuel,Other Renewables,GWh,209.91,2022,11,,,,,,,,,
India,IND,India Total,IN,total,01/11/2022,Electricity generation,Fuel,Solar,GWh,7976.88,2022,11,,,,,,,,,
India,IND,India Total,IN,total,01/11/2022,Electricity generation,Fuel,Wind,GWh,2489.5,2022,11,,,,,,,,,
India,IND,India Total,IN,total,01/12/2022,Electricity generation,Fuel,Bioenergy,GWh,2423.47,2022,12,,,,,,,,,
India,IND,India Total,IN,total,01/12/2022,Electricity generation,Fuel,Coal,GWh,101108.66,2022,12,,,,,,,,,
India,IND,India Total,IN,total,01/12/2022,Electricity generation,Fuel,Gas,GWh,1806.34,2022,12,,,,,,,,,
India,IND,India Total,IN,total,01/12/2022,Electricity generation,Fuel,Hydro,GWh,9341.6,2022,12,,,,,,,,,
India,IND,India Total,IN,total,01/12/2022,Electricity generation,Fuel,Nuclear,GWh,3901.58,2022,12,,,,,,,,,
India,IND,India Total,IN,total,01/12/2022,Electricity generation,Fuel,Other Fossil,GWh,27.25,2022,12,,,,,,,,,
India,IND,India Total,IN,total,01/12/2022,Electricity generation,Fuel,Other Renewables,GWh,209.84,2022,12,,,,,,,,,
India,IND,India Total,IN,total,01/12/2022,Electricity generation,Fuel,Solar,GWh,8207.51,2022,12,,,,,,,,,
India,IND,India Total,IN,total,01/12/2022,Electricity generation,Fuel,Wind,GWh,3996.15,2022,12,,,,,,,,,
India,IND,India Total,IN,total,01/01/2023,Electricity generation,Fuel,Bioenergy,GWh,2593.42,2023,1,,,,,,,,,
India,IND,India Total,IN,total,01/01/2023,Electricity generation,Fuel,Coal,GWh,104483.59,2023,1,,,,,,,,,
India,IND,India Total,IN,total,01/01/2023,Electricity generation,Fuel,Gas,GWh,1883.95,2023,1,,,,,,,,,
India,IND,India Total,IN,total,01/01/2023,Electricity generation,Fuel,Hydro,GWh,8692.16,2023,1,,,,,,,,,
India,IND,India Total,IN,total,01/01/2023,Electricity generation,Fuel,Nuclear,GWh,4118.92,2023,1,,,,,,,,,
India,IND,India Total,IN,total,01/01/2023,Electricity generation,Fuel,Other Fossil,GWh,26.17,2023,1,,,,,,,,,
India,IND,India Total,IN,total,01/01/2023,Electricity generation,Fuel,Other Renewables,GWh,199.97,2023,1,,,,,,,,,
India,IND,India Total,IN,total,01/01/2023,Electricity generation,Fuel,Solar,GWh,9290.01,2023,1,,,,,,,,,
India,IND,India Total,IN,total,01/01/2023,Electricity generation,Fuel,Wind,GWh,5013.74,2023,1,,,,,,,,,
India,IND,India Total,IN,total,01/02/2023,Electricity generation,Fuel,Bioenergy,GWh,2153.17,2023,2,,,,,,,,,
India,IND,India Total,IN,total,01/02/2023,Electricity generation,Fuel,Coal,GWh,97589.14,2023,2,,,,,,,,,
India,IND,India Total,IN,total,01/02/2023,Electricity generation,Fuel,Gas,GWh,1753.56,2023,2,,,,,,,,,
India,IND,India Total,IN,total,01/02/2023,Electricity generation,Fuel,Hydro,GWh,8910.78,2023,2,,,,,,,,,
India,IND,India Total,IN,total,01/02/2023,Electricity generation,Fuel,Nuclear,GWh,3774.36,2023,2,,,,,,,,,
India,IND,India Total,IN,total,01/02/2023,Electricity generation,Fuel,Other Fossil,GWh,24.93,2023,2,,,,,,,,,
India,IND,India Total,IN,total,01/02/2023,Electricity generation,Fuel,Other Renewables,GWh,202.99,2023,2,,,,,,,,,
India,IND,India Total,IN,total,01/02/2023,Electricity generation,Fuel,Solar,GWh,9555.41,2023,2,,,,,,,,,
India,IND,India Total,IN,total,01/02/2023,Electricity generation,Fuel,Wind,GWh,3126.99,2023,2,,,,,,,,,
India,IND,India Total,IN,total,01/03/2023,Electricity generation,Fuel,Bioenergy,GWh,1971.58,2023,3,,,,,,,,,
India,IND,India Total,IN,total,01/03/2023,Electricity generation,Fuel,Coal,GWh,106468.49,2023,3,,,,,,,,,
India,IND,India Total,IN,total,01/03/2023,Electricity generation,Fuel,Gas,GWh,1862.48,2023,3,,,,,,,,,
India,IND,India Total,IN,total,01/03/2023,Electricity generation,Fuel,Hydro,GWh,8342.23,2023,3,,,,,,,,,
India,IND,India Total,IN,total,01/03/2023,Electricity generation,Fuel,Nuclear,GWh,4047.79,2023,3,,,,,,,,,
India,IND,India Total,IN,total,01/03/2023,Electricity generation,Fuel,Other Fossil,GWh,28.69,2023,3,,,,,,,,,
India,IND,India Total,IN,total,01/03/2023,Electricity generation,Fuel,Other Renewables,GWh,229.41,2023,3,,,,,,,,,
India,IND,India Total,IN,total,01/03/2023,Electricity generation,Fuel,Solar,GWh,10244.34,2023,3,,,,,,,,,
India,IND,India Total,IN,total,01/03/2023,Electricity generation,Fuel,Wind,GWh,4141.07,2023,3,,,,,,,,,
India,IND,India Total,IN,total,01/04/2023,Electricity generation,Fuel,Bioenergy,GWh,1295.93,2023,4,,,,,,,,,
India,IND,India Total,IN,total,01/04/2023,Electricity generation,Fuel,Coal,GWh,109104.95,2023,4,,,,,,,,,
India,IND,India Total,IN,total,01/04/2023,Electricity generation,Fuel,Gas,GWh,2438.18,2023,4,,,,,,,,,
India,IND,India Total,IN,total,01/04/2023,Electricity generation,Fuel,Hydro,GWh,9313.54,2023,4,,,,,,,,,
India,IND,India Total,IN,total,01/04/2023,Electricity generation,Fuel,Nuclear,GWh,3512.45,2023,4,,,,,,,,,
India,IND,India Total,IN,total,01/04/2023,Electricity generation,Fuel,Other Fossil,GWh,30.35,2023,4,,,,,,,,,
India,IND,India Total,IN,total,01/04/2023,Electricity generation,Fuel,Other Renewables,GWh,225.12,2023,4,,,,,,,,,
India,IND,India Total,IN,total,01/04/2023,Electricity generation,Fuel,Solar,GWh,10318.69,2023,4,,,,,,,,,
India,IND,India Total,IN,total,01/04/2023,Electricity generation,Fuel,Wind,GWh,4249.2,2023,4,,,,,,,,,
India,IND,India Total,IN,total,01/05/2023,Electricity generation,Fuel,Bioenergy,GWh,855.79,2023,5,,,,,,,,,
India,IND,India Total,IN,total,01/05/2023,Electricity generation,Fuel,Coal,GWh,108654.83,2023,5,,,,,,,,,
India,IND,India Total,IN,total,01/05/2023,Electricity generation,Fuel,Gas,GWh,2829.79,2023,5,,,,,,,,,
India,IND,India Total,IN,total,01/05/2023,Electricity generation,Fuel,Hydro,GWh,12186,2023,5,,,,,,,,,
India,IND,India Total,IN,total,01/05/2023,Electricity generation,Fuel,Nuclear,GWh,3495.91,2023,5,,,,,,,,,
India,IND,India Total,IN,total,01/05/2023,Electricity generation,Fuel,Other Fossil,GWh,30.66,2023,5,,,,,,,,,
India,IND,India Total,IN,total,01/05/2023,Electricity generation,Fuel,Other Renewables,GWh,236.53,2023,5,,,,,,,,,
India,IND,India Total,IN,total,01/05/2023,Electricity generation,Fuel,Solar,GWh,10776.14,2023,5,,,,,,,,,
India,IND,India Total,IN,total,01/05/2023,Electricity generation,Fuel,Wind,GWh,8117.63,2023,5,,,,,,,,,
